"id","first_name","last_name","email","password","created_at","updated_at"
1,"",NULL,NULL,"12345678",NULL,NULL
2,"diva","moon","diva.moon@gmail.com","$2b$12$QC4TLN/L6oucUzAxKmhv3eDB9Pxapz65/.DUn/dTQ481RvO.nwvpe",NULL,NULL
3,"elie","knight","elie.knight@gmail.com","$2b$12$SABc954BbAb8NdqKPd/42ufGjcGD1kc7Fsf3QYmj8.9v/tklokb.2",NULL,NULL
4,"kate","kitkate","kate@gmail.com","$2b$12$PLgbEeHSA.Fc.hyCioM0wOfdAcbOVlhpTZ5ikQhZVZj0yP9fJINwS",NULL,NULL
5,"roadie","iscute","rodie@gmail.com","$2b$12$bcNkVkhhgMDQQra3QrmXFuRRlmYcizro5K6/hImZPu/cX8FZoWRVe",NULL,NULL
6,"eliee","knighth","roadiei@gamil.com","$2b$12$Lt44y0b8TA8ohppYia81QeQbRYjJXo7AmzCdXyA7LAK.R4oapKdiG",NULL,NULL
7,"123123","123123","123123@gmail.com","$2b$12$ozokkSMJ5DnsVl4kIXa7numSsRUFKliEH73stue0GbjGNAHyO6fYq",NULL,NULL
8,"111","111","111@gmail.com","$2b$12$n0mPEzlR6ATxrrIbx78zeO3o3PL1HnHdNf.p1Zn8.cNm3QCIh92wy",NULL,NULL
9,"222","222","222@gmail.com","$2b$12$u.RhdLcl.dyNQ653Yxe6KeLV/KFw.b3oXq9uI4YbLLdjx4L9kFPhe",NULL,NULL
10,"eli","kni","eli.kni@gmail.com","$2b$12$TGYTiEPcf49NNMun6wi3WOdfHxYuBsyc5M8XQcC3tfrQCYptFauD6",NULL,NULL
11,"elli","knigh","elli@gmail.com","$2b$12$EU4YXYHkI.5Zh1KNCgApg.CZ0KJxPvLOvugX6g7L.J2ZQh4rZMaUa",NULL,NULL
12,"pip","pip","pip@gmail.com","$2b$12$AJ2T2wG1GSR6lHH.8exyPuI/xijONAF6qdxIca1SxUx1MoDoYotRK",NULL,NULL
13,"roadie","knight","roadie@gmail.com","$2b$12$KAaxrWES..eKkUHcRxrAJ.v8NCwDsRGQE/PM3.1.y83Z831Uf3xvy",NULL,NULL
14,"elie","knight","elie@gmail.com","$2b$12$trvTsFhWyLUCzhOa7y/EEuyC.zHteugCQcTJ1kbAKRURtBS5ozaGC",NULL,NULL
